,Num Observations,Predicted Height at 18,MAE
0,1,177.6968546,6.344730392
1,2,176.7988766,5.180923203
2,3,176.1573923,4.322019433
3,4,175.6966591,3.744523226
4,5,175.3898576,3.365155229
5,6,175.2002057,3.127183999
6,7,175.085192,2.978982843
7,8,175.0234886,2.891380719
8,9,174.9772059,2.843382353
